day_index,day_of_week,avg_count,std_count
1,Monday,13793.0,2901.229222243565
2,Tuesday,4691.333333333333,1290.955589218054
3,Wednesday,12022.333333333334,2221.3838779763696
4,Thursday,10257.5,3925.823268224556
5,Friday,9193.5,3550.3311113190557
6,Saturday,9482.333333333334,3155.300989340531
7,Sunday,9577.666666666666,3290.5811543454347
