day_index,day_of_week,avg_count,std_count
1,Monday,11362.0,5408.369871473906
2,Tuesday,4180.5,1467.9397126585275
3,Wednesday,12022.333333333334,2221.3838779763696
4,Thursday,10257.5,3925.823268224556
5,Friday,9193.5,3550.3311113190557
6,Saturday,9027.75,2732.0078544299004
7,Sunday,8638.0,3278.7970354994527
