day_index,day_of_week,avg_count,std_count
1,Monday,12947.5,3541.8978669634166
2,Tuesday,4776.5,1813.7288937434944
3,Wednesday,12699.5,2667.9138854168436
4,Thursday,9463.5,5246.025209622996
5,Friday,8576.5,1105.2078989945737
6,Saturday,10141.5,4159.909193720459
7,Sunday,11356.5,1634.1237713221112
